000 >> 000
1 >> 1
10 >> 10
11 >> 11
123 >> 123
14 >> 14
150 >> 150
1918 >> 1918
1920s >> 1920
1940 >> 1940
1945 >> 1945
1950 >> 1950
1950s >> 1950
1955 >> 1955
1960s >> 1960
1962 >> 1962
1964 >> 1964
1971 >> 1971
1972 >> 1972
1974 >> 1974
1976 >> 1976
1984 >> 1984
1985 >> 1985
1987 >> 1987
1988 >> 1988
1990 >> 1990
1991 >> 1991
1992 >> 1992
2 >> 2
20m >> 20m
22 >> 22
23 >> 23
24 >> 24
240 >> 240
25 >> 25
269 >> 269
272 >> 272
29 >> 29
3 >> 3
300 >> 300
30am >> 30am
330 >> 330
33rd-biggest >> 33rd-biggest
38 >> 38
40 >> 40
400 >> 400
402 >> 402
40bn >> 40bn
43 >> 43
44bn >> 44bn
44m >> 44m
45 >> 45
4m >> 4m
5 >> 5
50 >> 50
500-plus >> 500-plu
55bn >> 55bn
5bn >> 5bn
5m >> 5m
6 >> 6
6bn >> 6bn
7 >> 7
700 >> 700
71 >> 71
71-year-old >> 71-year-old
8 >> 8
9 >> 9
95 >> 95
 >> 
 >> 
ability >> abil
able >> abl
absolutely >> absolut
accept >> accept
acceptance >> accept
accepted >> accept
accessible >> access
accomplished >> accomplish
according >> accord
account >> account
accounts >> account
achieve >> achiev
achieved >> achiev
adapt >> adapt
adds >> add
admit >> admit
admits >> admit
adventures >> adventur
affairs >> affair
afterwards >> afterward
ago >> ago
agreeing >> agre
aircraft >> aircraft
airport >> airport
all-american >> all-american
allowed >> allow
almost >> almost
along >> along
also >> also
although >> although
always >> alway
amassed >> amass
america >> america
american >> american
americans >> american
americas >> america
among >> among
analysing >> analys
anecdotes >> anecdot
ann >> ann
announced >> announc
annual >> annual
another >> anoth
answer >> answer
anti-union >> anti-union
anyones >> anyon
anything >> anyth
apart >> apart
appearance >> appear
appeared >> appear
apple >> appl
applied >> appli
april >> april
area >> area
areas >> area
arguably >> arguabl
ark >> ark
arkansas >> arkansa
arkansas-based >> arkansas-bas
army >> armi
aside >> asid
asked >> ask
aspects >> aspect
assignment >> assign
associate >> associ
associates >> associ
attempt >> attempt
attempts >> attempt
attending >> attend
attends >> attend
attention >> attent
attributed >> attribut
audio-video >> audio-video
authors >> author
autobiography >> autobiographi
away >> away
baby >> babi
back >> back
backhand >> backhand
backwaters >> backwat
bad >> bad
bait >> bait
bank >> bank
banker >> banker
based >> base
battered >> batter
became >> becam
become >> becom
becoming >> becom
bedmate >> bedmat
bedrock >> bedrock
began >> began
begin >> begin
behind >> behind
ben >> ben
bentonville >> bentonvil
best >> best
better >> better
big >> big
biggest >> biggest
bill >> bill
billion >> billion
billionaire >> billionair
billionaires >> billionair
bills >> bill
bird-hunting >> bird-hunt
bitter >> bitter
blamed >> blame
blunt >> blunt
board >> board
bob >> bob
bogle >> bogl
bonus >> bonu
book >> book
bookstores >> bookstor
boot-strap >> boot-strap
boring >> bore
born >> born
boss >> boss
bost >> bost
bought >> bought
bout >> bout
bowl >> bowl
box >> box
boy >> boy
breakfasted >> breakfast
bring >> bring
broker >> broker
brother >> brother
bucket >> bucket
buckets >> bucket
bud >> bud
build >> build
building >> build
built >> built
buoyed >> buoy
business >> busi
businessman >> businessman
businessmen >> businessmen
busy >> busi
buzz-words >> buzz-word
c >> c
calculators >> calcul
california >> california
call >> call
called >> call
calling >> call
calls >> call
came >> came
cancer >> cancer
cant >> cant
capacities >> capac
captures >> captur
cared >> care
carrying >> carri
case >> case
cash >> cash
casual >> casual
cent >> cent
center >> center
chain >> chain
chains >> chain
chairman >> chairman
challenge >> challeng
challenging >> challeng
chamber >> chamber
changed >> chang
character >> charact
charitable >> charit
charming >> charm
chat >> chat
check-out >> check-out
check-outs >> check-out
cheer >> cheer
cheer-leading >> cheer-lead
cheerleaders >> cheerlead
chicago >> chicago
chicken >> chicken
chief >> chief
children >> children
choose >> choos
chronicles >> chronicl
chunk >> chunk
church-going >> church-go
circumstances >> circumst
circus >> circu
city >> citi
clerks >> clerk
clinton >> clinton
close >> close
closed >> close
club >> club
clubs >> club
co >> co
coined >> coin
colleagues >> colleagu
combination >> combin
come >> come
comes >> come
coming >> come
comment >> comment
commenting >> comment
comments >> comment
commerce >> commerc
common-sense >> common-sens
communicated >> commun
communications >> commun
community >> commun
companies >> compani
company >> compani
companys >> compani
competitive >> competit
complain >> complain
completed >> complet
computers >> comput
concentrates >> concentr
concert >> concert
conference >> confer
conquer >> conquer
conquered >> conquer
consecutive >> consecut
considered >> consid
contents >> content
contest >> contest
context >> context
continue >> continu
continued >> continu
contributions >> contribut
conventional >> convent
convinced >> convinc
copy >> copi
core >> core
corner >> corner
corp >> corp
corporate >> corpor
costly >> costli
cosy >> cosi
could >> could
country >> countri
countrys >> countri
couple >> coupl
coverage >> coverag
covers >> cover
crash >> crash
crazy >> crazi
critical >> critic
criticisms >> critic
crucial >> crucial
culture >> cultur
curiously >> curious
current >> current
curt >> curt
customer >> custom
customers >> custom
cut-price >> cut-pric
dallas >> dalla
dance >> danc
danced >> danc
dash >> dash
date >> date
david >> david
day >> day
day-long >> day-long
days >> day
de >> de
death >> death
debate >> debat
decades >> decad
decided >> decid
decision >> decis
declared >> declar
declined >> declin
dedication >> dedic
degree >> degre
delighted >> delight
deliver >> deliv
demonstrates >> demonstr
department >> depart
deposits >> deposit
depth >> depth
des >> de
descended >> descend
desire >> desir
despatched >> despatch
details >> detail
detergents >> deterg
detroit >> detroit
dickson >> dickson
didnt >> didnt
died >> die
difficult >> difficult
dignitaries >> dignitari
director >> director
discount >> discount
discounters >> discount
discounting >> discount
discuss >> discuss
display >> display
displays >> display
disproved >> disprov
distances >> distanc
distribution >> distribut
district >> district
doesnt >> doesnt
dollars >> dollar
donald >> donald
donations >> donat
done >> done
donned >> don
dont >> dont
doubleday >> doubleday
doubt >> doubt
down-home >> down-hom
downbeat >> downbeat
downtown >> downtown
dozen >> dozen
dream >> dream
dreary >> dreari
dreft >> dreft
dressing >> dress
drove >> drove
drugstore >> drugstor
duet >> duet
dull >> dull
dust >> dust
e >> e
earlier >> earlier
early >> earli
earn >> earn
economics >> econom
economies >> economi
ed >> ed
edition >> edit
effects >> effect
efficient >> effici
effort >> effort
eight >> eight
either >> either
electronic >> electron
emphatic >> emphat
empire >> empir
employed >> employ
employee >> employe
employees >> employe
end >> end
energy >> energi
engaging >> engag
enjoyed >> enjoy
enjoying >> enjoy
enough >> enough
enter >> enter
enterprise >> enterpris
entrepreneur >> entrepreneur
entrepreneurial >> entrepreneuri
entrepreneurs >> entrepreneur
entry >> entri
essential >> essenti
estimate >> estim
estimated >> estim
even >> even
evening >> even
events >> event
eventually >> eventu
ever >> ever
every >> everi
everyday >> everyday
everyone >> everyon
everything >> everyth
example >> exampl
excitement >> excit
excuses >> excus
executive >> execut
executives >> execut
expected >> expect
explaining >> explain
expose >> expos
extent >> extent
extolling >> extol
extremely >> extrem
family >> famili
family-owned >> family-own
familys >> famili
farm-mortgage >> farm-mortgag
farmer >> farmer
farmers >> farmer
fashionable >> fashion
fastest-growing >> fastest-grow
fat-faced >> fat-fac
favour >> favour
fed-mart >> fed-mart
feeling >> feel
feelings >> feel
feels >> feel
fetch >> fetch
field >> field
fill >> fill
final >> final
financial >> financi
financing >> financ
find >> find
finding >> find
first >> first
five-and-dime >> five-and-dim
fixtures >> fixtur
flaws >> flaw
floor >> floor
florida >> florida
flourish >> flourish
folk >> folk
folks >> folk
folksy >> folksi
followed >> follow
following >> follow
forbes >> forb
format >> format
fortune >> fortun
forty >> forti
found >> found
founded >> found
founder >> founder
four >> four
franchisee >> franchise
franchises >> franchis
franklin >> franklin
franklins >> franklin
free >> free
frenzy >> frenzi
friday >> friday
friends >> friend
frugal >> frugal
fundamental >> fundament
future >> futur
gaining >> gain
gap >> gap
general >> gener
generate >> gener
generation >> gener
generous >> gener
genteel >> genteel
get >> get
getting >> get
gigantist >> gigantist
give >> give
given >> given
gives >> give
glass >> glass
glitch >> glitch
glo-coat >> glo-coat
go >> go
goal >> goal
going >> go
goings-on >> goings-on
golf >> golf
good >> good
goods >> good
gooey >> gooey
gospel >> gospel
got >> got
gotten >> gotten
gov >> gov
grabbed >> grab
graduated >> graduat
grass-skirt >> grass-skirt
grates >> grate
great >> great
greeting >> greet
grew >> grew
group >> group
grow >> grow
grown >> grown
growth >> growth
guts >> gut
hadnt >> hadnt
half >> half
hand >> hand
hand-writing >> hand-writ
handing >> hand
hands >> hand
handwriting >> handwrit
happily >> happili
happy >> happi
hardly >> hardli
harmless >> harmless
harrison >> harrison
hasnt >> hasnt
headquarters >> headquart
heads >> head
health >> health
hed >> hed
held >> held
helen >> helen
help >> help
helped >> help
heritage >> heritag
hero >> hero
hes >> he
hesitate >> hesit
high >> high
high-tech >> high-tech
highly >> highli
hiring >> hire
history >> histori
hold >> hold
holdings >> hold
holiday >> holiday
home >> home
homespun >> homespun
hookup >> hookup
hope >> hope
hospitality >> hospit
hourly >> hourli
hours >> hour
however >> howev
hub-caps >> hub-cap
hula >> hula
hundreds >> hundr
hung >> hung
hunting >> hunt
husband >> husband
hypermart >> hypermart
ice >> ice
idea >> idea
ideas >> idea
identify >> identifi
illusions >> illus
immediate >> immedi
immediately >> immedi
impact >> impact
implementation >> implement
importance >> import
important >> import
impressions >> impress
inauspicious >> inauspici
inc >> inc
incapable >> incap
include >> includ
including >> includ
incorporation >> incorpor
individual >> individu
industries >> industri
inescapable >> inescap
ingredient >> ingredi
inn >> inn
inside >> insid
insight >> insight
insisted >> insist
instead >> instead
interested >> interest
internal >> intern
interview >> interview
interviews >> interview
introduce >> introduc
invent >> invent
invest >> invest
investment >> invest
involved >> involv
iowa >> iowa
italy >> itali
item >> item
items >> item
ivory >> ivori
j >> j
james >> jame
jana >> jana
japanese >> japanes
jea >> jea
johnsons >> johnson
joined >> join
journal >> journal
judged >> judg
juice >> juic
july >> juli
k >> k
kept >> kept
kingfisher >> kingfish
kmart >> kmart
knack >> knack
knees >> knee
knew >> knew
know >> know
known >> known
korvette >> korvett
l >> l
la >> la
land >> land
large >> larg
largest >> largest
lashed >> lash
last >> last
late >> late
later >> later
leadership >> leadership
leading >> lead
learn >> learn
learned >> learn
lease >> leas
led >> led
less >> less
letting >> let
leukemia >> leukemia
life >> life
like >> like
likes >> like
limelight >> limelight
list >> list
listed >> list
listing >> list
little >> littl
living >> live
local >> local
locations >> locat
long >> long
look >> look
lost >> lost
lot >> lot
low >> low
loyalty >> loyalti
loyd >> loyd
luggage >> luggag
made >> made
magazine >> magazin
magazines >> magazin
main >> main
mainly >> mainli
make >> make
makes >> make
making >> make
malls >> mall
man >> man
management >> manag
manager >> manag
managers >> manag
mans >> man
manuscript >> manuscript
many >> mani
map >> map
march >> march
margin >> margin
market >> market
married >> marri
mart >> mart
martin >> martin
material >> materi
matter >> matter
mattress >> mattress
may >> may
mayer >> mayer
means >> mean
meanwhile >> meanwhil
media >> media
meet >> meet
meeting >> meet
member >> member
merchandise >> merchandis
merchandisers >> merchandis
merchandising >> merchandis
metropolitan >> metropolitan
might >> might
miles >> mile
millions >> million
minnow >> minnow
minus >> minu
minutes >> minut
mission >> mission
missouri >> missouri
mistakes >> mistak
modern >> modern
modest >> modest
modesty >> modesti
moines >> moin
mom-and-pop >> mom-and-pop
monday >> monday
moon >> moon
moore >> moor
morale >> moral
moreover >> moreov
morning >> morn
motto >> motto
mr >> mr
much >> much
much-liked >> much-lik
nagy >> nagi
named >> name
nation >> nation
nations >> nation
natural >> natur
near >> near
nearby >> nearbi
nearly >> nearli
neat >> neat
needed >> need
negative >> neg
negotiated >> negoti
neighbor >> neighbor
never >> never
new >> new
newport >> newport
news >> news
newspapers >> newspap
night >> night
northwest >> northwest
note >> note
notes >> note
obscure >> obscur
occasionally >> occasion
occupied >> occupi
oclock >> oclock
october >> octob
offers >> offer
office >> offic
officer >> offic
offices >> offic
officials >> offici
often >> often
oh >> oh
okla >> okla
oklahoma >> oklahoma
ol >> ol
old >> old
old-fashioned >> old-fashion
one >> one
one-dimensional >> one-dimension
opened >> open
opening >> open
openness >> open
opens >> open
operate >> oper
operated >> oper
operates >> oper
operating >> oper
operations >> oper
organizing >> organ
original >> origin
orthodoxy >> orthodoxi
outlets >> outlet
outlook >> outlook
outskirts >> outskirt
overly >> overli
overtaken >> overtaken
owned >> own
ozarks >> ozark
packaged >> packag
pad >> pad
pages >> page
paid >> paid
panhandle >> panhandl
paparazzi >> paparazzi
paper >> paper
paraphrase >> paraphras
parking >> park
part >> part
particularly >> particularli
partly >> partli
partners >> partner
past >> past
patterns >> pattern
paul >> paul
paying >> pay
payments >> payment
peeks >> peek
penney >> penney
people >> peopl
pep-talks >> pep-talk
per >> per
percent >> percent
performance >> perform
performed >> perform
perhaps >> perhap
periodic >> period
permeates >> permeat
perot >> perot
person >> person
personal >> person
personality >> person
personification >> personif
persuaded >> persuad
phenomenon >> phenomenon
philosophy >> philosophi
photograph >> photograph
pick-up >> pick-up
pies >> pie
pilot >> pilot
pioneering >> pioneer
pitched >> pitch
pitfalls >> pitfal
place >> place
plans >> plan
pleadings >> plead
point >> point
policies >> polici
portrait >> portrait
posed >> pose
position >> posit
positive >> posit
practices >> practic
pre-tax >> pre-tax
preaches >> preach
precisely >> precis
predict >> predict
prefers >> prefer
presentations >> present
president >> presid
press >> press
pretty >> pretti
prices >> price
primary >> primari
principles >> principl
probably >> probabl
problem >> problem
problems >> problem
process >> process
produce >> produc
producing >> produc
profit >> profit
profit-sharing >> profit-shar
profits >> profit
program >> program
promise >> promis
promote >> promot
promotional >> promot
prompting >> prompt
prove >> prove
proved >> prove
provide >> provid
public >> public
publicity >> public
published >> publish
publishers >> publish
put >> put
puts >> put
putting >> put
quail >> quail
qualified >> qualifi
questions >> question
quick >> quick
quickly >> quickli
quipped >> quip
quite >> quit
quote >> quot
ranging >> rang
ranked >> rank
ranking >> rank
ranks >> rank
rash >> rash
rather >> rather
reach >> reach
reader >> reader
readers >> reader
readily >> readili
real >> real
real-estate >> real-est
realise >> realis
realised >> realis
really >> realli
reason >> reason
recalled >> recal
recalls >> recal
received >> receiv
recent >> recent
recognised >> recognis
recognizing >> recogn
record >> record
reflect >> reflect
refuse >> refus
regional >> region
regions >> region
registers >> regist
regularly >> regularli
reins >> rein
relate >> relat
relatively >> rel
relied >> reli
relocated >> reloc
reluctant >> reluct
remarks >> remark
remembers >> rememb
reminds >> remind
remission >> remiss
reopen >> reopen
replica >> replica
reported >> report
reporters >> report
requests >> request
resistance >> resist
response >> respons
responsible >> respons
responsiblities >> responsibl
responsive >> respons
rest >> rest
results >> result
retail >> retail
retailer >> retail
retailers >> retail
retailing >> retail
retire >> retir
return >> return
reveal >> reveal
revealing >> reveal
revenues >> revenu
revert >> revert
rich >> rich
richest >> richest
right >> right
rise >> rise
risen >> risen
rivals >> rival
rock >> rock
roebuck >> roebuck
rogers >> roger
role >> role
roles >> role
ronald >> ronald
room >> room
ross >> ross
roy >> roy
rule >> rule
rules >> rule
rural >> rural
said >> said
sales >> sale
salesman >> salesman
sam >> sam
samples >> sampl
sams >> sam
samuel >> samuel
sandra >> sandra
satellite >> satellit
satisfaction >> satisfact
saturday >> saturday
saturdays >> saturday
say >> say
saying >> say
says >> say
scanning >> scan
scarce >> scarc
schedules >> schedul
scholarly >> scholarli
scott >> scott
scouting >> scout
scrubbing >> scrub
scrutiny >> scrutini
sears >> sear
second >> second
second-biggest >> second-biggest
second-largest >> second-largest
secretary >> secretari
see >> see
seeds >> seed
seems >> seem
seen >> seen
seldom >> seldom
selected >> select
self-analysis >> self-analysi
selling >> sell
senior >> senior
sensitive >> sensit
service >> servic
serving >> serv
sessions >> session
sets >> set
setting >> set
shed >> shed
sheer >> sheer
shingle >> shingl
shinkle >> shinkl
shook >> shook
shop >> shop
shoppers >> shopper
shopping >> shop
shops >> shop
short-lived >> short-liv
shortly >> shortli
show >> show
shunning >> shun
shuns >> shun
shut >> shut
sick >> sick
silver-haired >> silver-hair
similar >> similar
simplicity >> simplic
simpson >> simpson
since >> sinc
sing >> sing
singer >> singer
single >> singl
sively >> sive
skill >> skill
skirt >> skirt
slowed >> slow
small >> small
snippets >> snippet
snow >> snow
soderquist >> soderquist
someone >> someon
someones >> someon
something >> someth
sometimes >> sometim
son >> son
soto >> soto
sound >> sound
south >> south
southern >> southern
sown >> sown
spartan >> spartan
spartans >> spartan
speaker >> speaker
special >> special
speed >> speed
spend >> spend
spending >> spend
spends >> spend
spirit >> spirit
spokesman >> spokesman
sprinkling >> sprinkl
square >> squar
squiggle >> squiggl
staff >> staff
stage >> stage
staged >> stage
stake >> stake
stand >> stand
start >> start
started >> start
startling >> startl
states >> state
stays >> stay
stemmed >> stem
stephens >> stephen
still >> still
stint >> stint
stock >> stock
store >> store
storekeeper >> storekeep
stores >> store
story >> stori
streamlined >> streamlin
street >> street
strength >> strength
stress >> stress
structure >> structur
studied >> studi
style >> style
subject >> subject
subjects >> subject
succeeded >> succeed
success >> success
successful >> success
successfully >> success
suffer >> suffer
suggestions >> suggest
suggests >> suggest
summer >> summer
supermarkets >> supermarket
surprise >> surpris
suspected >> suspect
suspects >> suspect
sweet >> sweet
system >> system
systems >> system
take >> take
taking >> take
talked >> talk
talking >> talk
tallied >> talli
teamed >> team
technology >> technolog
telephoned >> telephon
tell >> tell
tells >> tell
ten >> ten
tend >> tend
tended >> tend
tennis >> tenni
term >> term
termed >> term
terms >> term
thats >> that
theyre >> theyr
things >> thing
think >> think
third >> third
third-largest >> third-largest
though >> though
thought >> thought
thousand >> thousand
threat >> threat
three >> three
thrift >> thrift
thrived >> thrive
throughout >> throughout
thwart >> thwart
time >> time
title >> titl
today >> today
together >> togeth
tomorrow >> tomorrow
took >> took
top >> top
topic >> topic
touch >> touch
tough >> tough
tour >> tour
town >> town
towns >> town
trade >> trade
trainee >> traine
training >> train
travelling >> travel
tricky >> tricki
truck >> truck
trumpeting >> trumpet
truth >> truth
tuesday >> tuesday
turnover >> turnov
turns >> turn
twayne >> twayn
two >> two
typical >> typic
u >> u
uh-oh >> uh-oh
unavailable >> unavail
understatement >> understat
unexpected >> unexpect
union >> union
unique >> uniqu
units >> unit
university >> univers
unlikely >> unlik
upright >> upright
us >> us
used >> use
using >> use
uss >> uss
usually >> usual
v >> v
value >> valu
vance >> vanc
vanished >> vanish
variety >> varieti
various >> variou
vast >> vast
via >> via
vice >> vice
vice-presidents >> vice-presid
video >> video
virtues >> virtu
visit >> visit
visiting >> visit
visitors >> visitor
vital >> vital
volume >> volum
w >> w
wal-mart >> wal-mart
wal-marts >> wal-mart
wall >> wall
walton >> walton
waltons >> walton
want >> want
wanted >> want
warren >> warren
wasting >> wast
waxing >> wax
way >> way
wealthiest >> wealthiest
wealthy >> wealthi
wednesday >> wednesday
week >> week
well >> well
well-researched >> well-research
went >> went
weve >> weve
whether >> whether
whole >> whole
wholesale >> wholesal
wholesome >> wholesom
wider >> wider
wife >> wife
willingness >> willing
window >> window
wisdom >> wisdom
within >> within
without >> without
wont >> wont
worked >> work
worker >> worker
working >> work
works >> work
world >> world
worlds >> world
worst >> worst
worth >> worth
would >> would
write >> write
writes >> write
written >> written
wrong >> wrong
yarns >> yarn
yeah >> yeah
year >> year
years >> year
yes >> ye
york >> york
youd >> youd
young >> young
